{
  "id": "",
  "name": "",
  "font_family": "iconfont",
  "css_prefix_text": "icon-",
  "description": "",
  "glyphs": [
    {
      "icon_id": "658044",
      "name": "解锁",
      "font_class": "jiesuo",
      "unicode": "e669",
      "unicode_decimal": 58985
    },
    {
      "icon_id": "1024175",
      "name": "image_wechat",
      "font_class": "imagewechat",
      "unicode": "e684",
      "unicode_decimal": 59012
    },
    {
      "icon_id": "1111320",
      "name": "叉",
      "font_class": "cha",
      "unicode": "e605",
      "unicode_decimal": 58885
    },
    {
      "icon_id": "1330577",
      "name": "QQ",
      "font_class": "QQ",
      "unicode": "e73e",
      "unicode_decimal": 59198
    },
    {
      "icon_id": "3027441",
      "name": "网易",
      "font_class": "wangyi",
      "unicode": "e62f",
      "unicode_decimal": 58927
    },
    {
      "icon_id": "7414029",
      "name": "新浪",
      "font_class": "xinlang",
      "unicode": "e66b",
      "unicode_decimal": 58987
    },
    {
      "icon_id": "8033071",
      "name": "网易云音乐",
      "font_class": "wangyiyunyinle",
      "unicode": "ea4b",
      "unicode_decimal": 59979
    },
    {
      "icon_id": "18336456",
      "name": "手机",
      "font_class": "shouji",
      "unicode": "e608",
      "unicode_decimal": 58888
    }
  ]
}
